{"text": " Update anything that is outdated and do a full fix of everything. Make sure everything runs smoothly after. So run testing.", "segments": [{"id": 0, "seek": 0, "start": 0.0, "end": 10.0, "text": " Update anything that is outdated and do a full fix of everything.", "tokens": [50364, 28923, 1340, 300, 307, 36313, 293, 360, 257, 1577, 3191, 295, 1203, 13, 50864], "temperature": 0.0, "avg_logprob": -0.2982938212733115, "compression_ratio": 1.2551020408163265, "no_speech_prob": 0.0397363156080246}, {"id": 1, "seek": 0, "start": 10.0, "end": 12.0, "text": " Make sure everything runs smoothly after.", "tokens": [50864, 4387, 988, 1203, 6676, 19565, 934, 13, 50964], "temperature": 0.0, "avg_logprob": -0.2982938212733115, "compression_ratio": 1.2551020408163265, "no_speech_prob": 0.0397363156080246}, {"id": 2, "seek": 0, "start": 12.0, "end": 14.0, "text": " So run testing.", "tokens": [50964, 407, 1190, 4997, 13, 51064], "temperature": 0.0, "avg_logprob": -0.2982938212733115, "compression_ratio": 1.2551020408163265, "no_speech_prob": 0.0397363156080246}], "language": "en"}