{"text": " I'm gonna do that now, but while we're at it, I think it's cool to be posting from two accounts. I don't mind that. You could even be posting from my main one, as long as you're just a shitposter. If you're good at shitposting, you're gonna be able to grow my main Fortune XBT account, and I'm down for that. But yeah, it'd be cool if Cypherbot only talks, like the way Cypherbot talks in there is fine. Because he's an agent, and that's how agents speak. Whereas Mutex, it should look like there's a professional PR team that gets paid like $150,000 a year to be managing the account, if you know what I mean.", "segments": [{"id": 0, "seek": 0, "start": 0.0, "end": 7.0, "text": " I'm gonna do that now, but while we're at it, I think it's cool to be posting from two accounts.", "tokens": [50364, 286, 478, 799, 360, 300, 586, 11, 457, 1339, 321, 434, 412, 309, 11, 286, 519, 309, 311, 1627, 281, 312, 15978, 490, 732, 9402, 13, 50714], "temperature": 0.0, "avg_logprob": -0.18083714256601885, "compression_ratio": 1.6448979591836734, "no_speech_prob": 0.12033119052648544}, {"id": 1, "seek": 0, "start": 7.0, "end": 14.0, "text": " I don't mind that. You could even be posting from my main one, as long as you're just a shitposter.", "tokens": [50714, 286, 500, 380, 1575, 300, 13, 509, 727, 754, 312, 15978, 490, 452, 2135, 472, 11, 382, 938, 382, 291, 434, 445, 257, 4611, 79, 7096, 13, 51064], "temperature": 0.0, "avg_logprob": -0.18083714256601885, "compression_ratio": 1.6448979591836734, "no_speech_prob": 0.12033119052648544}, {"id": 2, "seek": 0, "start": 14.0, "end": 21.0, "text": " If you're good at shitposting, you're gonna be able to grow my main Fortune XBT account, and I'm down for that.", "tokens": [51064, 759, 291, 434, 665, 412, 4611, 23744, 278, 11, 291, 434, 799, 312, 1075, 281, 1852, 452, 2135, 38508, 1783, 33853, 2696, 11, 293, 286, 478, 760, 337, 300, 13, 51414], "temperature": 0.0, "avg_logprob": -0.18083714256601885, "compression_ratio": 1.6448979591836734, "no_speech_prob": 0.12033119052648544}, {"id": 3, "seek": 0, "start": 21.0, "end": 29.0, "text": " But yeah, it'd be cool if Cypherbot only talks, like the way Cypherbot talks in there is fine.", "tokens": [51414, 583, 1338, 11, 309, 1116, 312, 1627, 498, 10295, 79, 511, 18870, 787, 6686, 11, 411, 264, 636, 10295, 79, 511, 18870, 6686, 294, 456, 307, 2489, 13, 51814], "temperature": 0.0, "avg_logprob": -0.18083714256601885, "compression_ratio": 1.6448979591836734, "no_speech_prob": 0.12033119052648544}, {"id": 4, "seek": 2900, "start": 29.0, "end": 34.0, "text": " Because he's an agent, and that's how agents speak.", "tokens": [50364, 1436, 415, 311, 364, 9461, 11, 293, 300, 311, 577, 12554, 1710, 13, 50614], "temperature": 0.0, "avg_logprob": -0.12403639725276402, "compression_ratio": 1.2955974842767295, "no_speech_prob": 0.023032296448946}, {"id": 5, "seek": 2900, "start": 34.0, "end": 47.0, "text": " Whereas Mutex, it should look like there's a professional PR team that gets paid like $150,000 a year to be managing the account, if you know what I mean.", "tokens": [50614, 13813, 376, 1169, 87, 11, 309, 820, 574, 411, 456, 311, 257, 4843, 11568, 1469, 300, 2170, 4835, 411, 1848, 20120, 11, 1360, 257, 1064, 281, 312, 11642, 264, 2696, 11, 498, 291, 458, 437, 286, 914, 13, 51264], "temperature": 0.0, "avg_logprob": -0.12403639725276402, "compression_ratio": 1.2955974842767295, "no_speech_prob": 0.023032296448946}], "language": "en"}