{"text": " make sure the posts are not too long or cringy or like clearly ai made like it's cool to give your opinion but follow like make sure to remind all of the crone jobs to follow the user style that we had defined for him which is you know there's quite a few things that we wrote about it", "segments": [{"id": 0, "seek": 0, "start": 0.0, "end": 8.16, "text": " make sure the posts are not too long or cringy or like clearly ai made like it's cool to give", "tokens": [50365, 652, 988, 264, 12300, 366, 406, 886, 938, 420, 941, 278, 88, 420, 411, 4448, 9783, 1027, 411, 309, 311, 1627, 281, 976, 50773], "temperature": 0.0, "avg_logprob": -0.12986060935007016, "compression_ratio": 1.6285714285714286, "no_speech_prob": 5.0998905619381585e-12}, {"id": 1, "seek": 0, "start": 8.16, "end": 16.72, "text": " your opinion but follow like make sure to remind all of the crone jobs to follow the user style", "tokens": [50773, 428, 4800, 457, 1524, 411, 652, 988, 281, 4160, 439, 295, 264, 941, 546, 4782, 281, 1524, 264, 4195, 3758, 51201], "temperature": 0.0, "avg_logprob": -0.12986060935007016, "compression_ratio": 1.6285714285714286, "no_speech_prob": 5.0998905619381585e-12}, {"id": 2, "seek": 0, "start": 16.72, "end": 22.48, "text": " that we had defined for him which is you know there's quite a few things that we wrote about it", "tokens": [51201, 300, 321, 632, 7642, 337, 796, 597, 307, 291, 458, 456, 311, 1596, 257, 1326, 721, 300, 321, 4114, 466, 309, 51489], "temperature": 0.0, "avg_logprob": -0.12986060935007016, "compression_ratio": 1.6285714285714286, "no_speech_prob": 5.0998905619381585e-12}], "language": "en"}