{"text": " Dude, we pay for Premium Plus. You don't have a character limit. You should know this too. Oh boy.", "segments": [{"id": 0, "seek": 0, "start": 0.0, "end": 7.0, "text": " Dude, we pay for Premium Plus. You don't have a character limit. You should know this too.", "tokens": [50364, 12042, 11, 321, 1689, 337, 34881, 7721, 13, 509, 500, 380, 362, 257, 2517, 4948, 13, 509, 820, 458, 341, 886, 13, 50714], "temperature": 0.0, "avg_logprob": -0.34798574447631836, "compression_ratio": 1.0888888888888888, "no_speech_prob": 0.11612968146800995}, {"id": 1, "seek": 0, "start": 8.0, "end": 9.0, "text": " Oh boy.", "tokens": [50764, 876, 3237, 13, 50814], "temperature": 0.0, "avg_logprob": -0.34798574447631836, "compression_ratio": 1.0888888888888888, "no_speech_prob": 0.11612968146800995}], "language": "en"}