{"text": " do whatever is needed to take the website back online.", "segments": [{"id": 0, "seek": 0, "start": 0.0, "end": 2.96, "text": " do whatever is needed to take the website back online.", "tokens": [50365, 360, 2035, 307, 2978, 281, 747, 264, 3144, 646, 2950, 13, 50513], "temperature": 0.0, "avg_logprob": -0.30078414508274626, "compression_ratio": 0.9473684210526315, "no_speech_prob": 1.3629977355100742e-11}], "language": "en"}