{"text": " no you don't have to do that you have to point the user to the internal um core files like agent.md and user.md etc etc etc that's what i meant", "segments": [{"id": 0, "seek": 0, "start": 0.96, "end": 5.12, "text": " no you don't have to do that you have to point the user to the internal", "tokens": [50413, 572, 291, 500, 380, 362, 281, 360, 300, 291, 362, 281, 935, 264, 4195, 281, 264, 6920, 50621], "temperature": 0.0, "avg_logprob": -0.198433144148006, "compression_ratio": 1.4019607843137254, "no_speech_prob": 6.5301284345176125e-12}, {"id": 1, "seek": 0, "start": 6.4, "end": 14.72, "text": " um core files like agent.md and user.md etc etc etc that's what i meant", "tokens": [50685, 1105, 4965, 7098, 411, 9461, 13, 76, 67, 293, 4195, 13, 76, 67, 5183, 5183, 5183, 300, 311, 437, 741, 4140, 51101], "temperature": 0.0, "avg_logprob": -0.198433144148006, "compression_ratio": 1.4019607843137254, "no_speech_prob": 6.5301284345176125e-12}], "language": "en"}