{"text": " i'm serious don't talk to me until registration works if it doesn't work your job is not done you have to keep working until it starts working", "segments": [{"id": 0, "seek": 0, "start": 0.64, "end": 3.68, "text": " i'm serious don't talk to me until registration works", "tokens": [50397, 741, 478, 3156, 500, 380, 751, 281, 385, 1826, 16847, 1985, 50549], "temperature": 0.0, "avg_logprob": -0.22007342747279576, "compression_ratio": 1.4059405940594059, "no_speech_prob": 2.1713153844360455e-11}, {"id": 1, "seek": 0, "start": 4.8, "end": 14.0, "text": " if it doesn't work your job is not done you have to keep working until it starts working", "tokens": [50605, 498, 309, 1177, 380, 589, 428, 1691, 307, 406, 1096, 291, 362, 281, 1066, 1364, 1826, 309, 3719, 1364, 51065], "temperature": 0.0, "avg_logprob": -0.22007342747279576, "compression_ratio": 1.4059405940594059, "no_speech_prob": 2.1713153844360455e-11}], "language": "en"}