{"text": " okay would it make sense for us to separate the front end and the back end they're already separated services within the zooming dash youth railway project so they're already separate but they're both pointing to the same repo and to the just to the root of the repo should we like because i feel because what happens when i tried loading it earlier is it would just take forever and just wouldn't load properly so i'm assuming there must be a way um for us to uh yeah like that that lag before the site showed an internal error is what makes me think that the site is trying to load like in the entire suit and then just crashes or something or you know like we coded way too much we pushed we're at like two million lines of code or something by now so we need to properly compartmentalize everything you", "segments": [{"id": 0, "seek": 0, "start": 0.0, "end": 7.22, "text": " okay would it make sense for us to separate the front end and the back end they're already", "tokens": [50365, 1392, 576, 309, 652, 2020, 337, 505, 281, 4994, 264, 1868, 917, 293, 264, 646, 917, 436, 434, 1217, 50726], "temperature": 0.0, "avg_logprob": -0.10629835689769071, "compression_ratio": 1.8130841121495327, "no_speech_prob": 2.3576049966445023e-12}, {"id": 1, "seek": 0, "start": 7.22, "end": 13.780000000000001, "text": " separated services within the zooming dash youth railway project so they're already separate but", "tokens": [50726, 12005, 3328, 1951, 264, 48226, 8240, 7503, 25812, 1716, 370, 436, 434, 1217, 4994, 457, 51054], "temperature": 0.0, "avg_logprob": -0.10629835689769071, "compression_ratio": 1.8130841121495327, "no_speech_prob": 2.3576049966445023e-12}, {"id": 2, "seek": 0, "start": 13.780000000000001, "end": 21.28, "text": " they're both pointing to the same repo and to the just to the root of the repo should we like because", "tokens": [51054, 436, 434, 1293, 12166, 281, 264, 912, 49040, 293, 281, 264, 445, 281, 264, 5593, 295, 264, 49040, 820, 321, 411, 570, 51429], "temperature": 0.0, "avg_logprob": -0.10629835689769071, "compression_ratio": 1.8130841121495327, "no_speech_prob": 2.3576049966445023e-12}, {"id": 3, "seek": 0, "start": 21.28, "end": 25.5, "text": " i feel because what happens when i tried loading it earlier is it would just take forever and just", "tokens": [51429, 741, 841, 570, 437, 2314, 562, 741, 3031, 15114, 309, 3071, 307, 309, 576, 445, 747, 5680, 293, 445, 51640], "temperature": 0.0, "avg_logprob": -0.10629835689769071, "compression_ratio": 1.8130841121495327, "no_speech_prob": 2.3576049966445023e-12}, {"id": 4, "seek": 2550, "start": 25.5, "end": 36.5, "text": " wouldn't load properly so i'm assuming there must be a way um for us to uh yeah like that that lag", "tokens": [50365, 2759, 380, 3677, 6108, 370, 741, 478, 11926, 456, 1633, 312, 257, 636, 1105, 337, 505, 281, 2232, 1338, 411, 300, 300, 8953, 50915], "temperature": 0.0, "avg_logprob": -0.04546461416327435, "compression_ratio": 1.7579908675799087, "no_speech_prob": 1.5002848139170077e-12}, {"id": 5, "seek": 2550, "start": 36.5, "end": 41.72, "text": " before the site showed an internal error is what makes me think that the site is trying to load", "tokens": [50915, 949, 264, 3621, 4712, 364, 6920, 6713, 307, 437, 1669, 385, 519, 300, 264, 3621, 307, 1382, 281, 3677, 51176], "temperature": 0.0, "avg_logprob": -0.04546461416327435, "compression_ratio": 1.7579908675799087, "no_speech_prob": 1.5002848139170077e-12}, {"id": 6, "seek": 2550, "start": 41.72, "end": 48.42, "text": " like in the entire suit and then just crashes or something or you know like we coded way too much", "tokens": [51176, 411, 294, 264, 2302, 5722, 293, 550, 445, 28642, 420, 746, 420, 291, 458, 411, 321, 34874, 636, 886, 709, 51511], "temperature": 0.0, "avg_logprob": -0.04546461416327435, "compression_ratio": 1.7579908675799087, "no_speech_prob": 1.5002848139170077e-12}, {"id": 7, "seek": 2550, "start": 48.42, "end": 53.56, "text": " we pushed we're at like two million lines of code or something by now so we need to properly", "tokens": [51511, 321, 9152, 321, 434, 412, 411, 732, 2459, 3876, 295, 3089, 420, 746, 538, 586, 370, 321, 643, 281, 6108, 51768], "temperature": 0.0, "avg_logprob": -0.04546461416327435, "compression_ratio": 1.7579908675799087, "no_speech_prob": 1.5002848139170077e-12}, {"id": 8, "seek": 5356, "start": 53.56, "end": 55.38, "text": " compartmentalize everything", "tokens": [50365, 26505, 304, 1125, 1203, 50456], "temperature": 0.0, "avg_logprob": -0.6353199481964111, "compression_ratio": 0.7948717948717948, "no_speech_prob": 8.507742253749395e-12}, {"id": 9, "seek": 5356, "start": 55.38, "end": 55.56, "text": " you", "tokens": [50456, 291, 50465], "temperature": 0.0, "avg_logprob": -0.6353199481964111, "compression_ratio": 0.7948717948717948, "no_speech_prob": 8.507742253749395e-12}], "language": "en"}