{"text": " No no no no no no no no no no, you need to authenticate as mutexdev, not OXCypherbot.", "segments": [{"id": 0, "seek": 0, "start": 0.0, "end": 8.0, "text": " No no no no no no no no no no, you need to authenticate as mutexdev, not OXCypherbot.", "tokens": [50364, 883, 572, 572, 572, 572, 572, 572, 572, 572, 572, 11, 291, 643, 281, 9214, 8700, 382, 24523, 87, 40343, 11, 406, 422, 55, 34, 88, 79, 511, 18870, 13, 50764], "temperature": 0.2, "avg_logprob": -0.4555930802316377, "compression_ratio": 1.25, "no_speech_prob": 0.11328291893005371}], "language": "en"}